SL No,Donor Name,Location Name,Latitude ,Longitude,Google location,No of Percolation well Constructed,Year of Completion,Zone,Ward Number,Location by Parks/Campuses
1,Bosch - Rebi,Lalbagh Botanical Garden - 1,12.95217806,77.58504382,https://goo.gl/maps/mokUe3oYt6U6bB1R8,225,Mar-19,Bommanahalli Zone,,Horticulture Parks
2,DXC Technologies,Jinke park,12.95181772,77.55755432,https://goo.gl/maps/hAKkaj9H3SSE258D7,33,Mar-21,South zone,,BBMP Park
3,Zebra,Kidwai Hospital,12.93570169,77.59758183,https://goo.gl/maps/umwN6tg9KNJ11RBaA,30,Mar-21,South zone,,Others
4,Alstom Foundation,Anekal Town,12.70775016,77.69443312,https://goo.gl/maps/CMDnSfPHYU7uvKom7,25,Jun-21,Anekal,,Schools and Colleges
5,Zebra,Nimhans Hospital,12.93869125,77.59453086,https://goo.gl/maps/fVVhAHXk92CZ13v17,75,Dec-21,Bommanahalli Zone,,Others
6,United Breweries,Nandi Panchayat,13.38420025,77.68991089,https://goo.gl/maps/ZkJWGCDKCA2DWN9EA,90,Mar-22,Nandi village,,Others
7,Synamedia,Freedom Park,12.97907237,77.58247669,https://goo.gl/maps/97NkwxonDha5GHKx5,33,Mar-22,West zone,,BBMP Park
8,Telstra,Richards Park,13.00427611,77.61727401,https://goo.gl/maps/ss4uPFXxYF1z2SRYA,10,Mar-22,East Zone,,BBMP Park
9,Kennametal,JP Park - Mathikere,13.03448688,77.55131426,https://goo.gl/maps/U1ayUzEemfrkrp5u5,90,Mar-22,RR Nagar Zone,,BBMP Park
10,ExxonMobil,Mini Forest and Munneswara park,12.91180674,77.5991063,https://goo.gl/maps/KeS1ryWfaif2yiK46,40,Mar-21,South zone,,BBMP Park
11,Northern Trust,Sakalavara- Nimhans,12.82418512,77.60143315,https://goo.gl/maps/yeYs4VCtjwSEtJKb9,77,Mar-22,South zone,,Others
12,ExxonMobil,Kadugodi Forest and Park,12.98677153,77.74545273,https://goo.gl/maps/mSrg9FtcKdC8nBoR7,52,Mar-22,Mahadevapura Zone,,Forest Dept
13,Momentive,ISRO Park,12.89665424,77.55873619,https://goo.gl/maps/AEm21re8gB6wq6Cw9,13,Apr-22,South zone,,Others
14,DXC Technologies,BDA Avalahalli park,12.94335776,77.54290441,https://goo.gl/maps/d9aKCqs8k6sYwBoN6,20,Mar-22,South zone,,BBMP Park
15,Avality,Krishna Rao Park-1,12.9418635,77.57530455,https://goo.gl/maps/Yu5qmpFUQUagrVFA7,37,Mar-22,South zone,,BBMP Park
16,CBA,Krishna Rao Park-2,12.94183736,77.57540111,https://goo.gl/maps/Yu5qmpFUQUagrVFA7,24,Mar-22,South zone,,BBMP Park
17,HCL Foundation,Anekal School and Anganwadi,12.79022964,77.67510707,https://goo.gl/maps/iWQpCXPCYQLbLQhw6,21,Mar-22,Anekal,,Schools and Colleges
18,Fortrea,Lalbagh Botanical Garden - 2,12.94654306,77.58096123,https://goo.gl/maps/mokUe3oYt6U6bB1R8,85,Jan-23,South zone,,Horticulture Parks
19,Mphasis,Lalbagh Botanical Garden - 3,12.95013654,77.58672959,https://goo.gl/maps/mokUe3oYt6U6bB1R8,150,Mar-23,South zone,,Horticulture Parks
20,Mphasis,Swachagraha Kalika Kendra,12.91533526,77.63918729,https://goo.gl/maps/FkWMFWKP9LaU5ZtCA,10,Mar-23,Bommanahalli Zone,,BBMP Park
21,Mphasis,Vrukasha vana Park,12.90824467,77.63610132,https://goo.gl/maps/VsAwc2FFi96v19ji8,12,Mar-23,Bommanahalli Zone,,BBMP Park
22,Mphasis,Bengaluru one Park,12.91315329,77.64958779,https://goo.gl/maps/5WwuA2fahv2Xd86f6,15,Mar-23,Bommanahalli Zone,,BBMP Park
23,Mphasis,Lawrence School Park,12.91374974,77.63406631,https://goo.gl/maps/Wr8mCS3UMmCHtCDG8,7,Mar-23,Bommanahalli Zone,,BBMP Park
24,Mphasis,Forest Park,12.91623825,77.64820611,https://goo.gl/maps/Da6DCCZhrhLrutRLA,18,Mar-23,Bommanahalli Zone,,BBMP Park
25,Mphasis,Ganesh Park,12.91784934,77.65094001,https://goo.gl/maps/8gLyuUKcHjFXTMK7A,13,Mar-23,Bommanahalli Zone,,BBMP Park
26,Mphasis,Thungabadra Park,12.91496925,77.64717109,https://goo.gl/maps/QuA5jGN5wz2LGxDH9,8,Mar-23,Bommanahalli Zone,,BBMP Park
27,Mphasis,Nethravathi Park,12.91743109,77.65307891,https://goo.gl/maps/tvjX9Savz7MDxJvi7,10,Mar-23,Bommanahalli Zone,,BBMP Park
28,Mphasis,Tree Park,12.91095558,77.65126073,https://goo.gl/maps/issxXkdQ8NJAhzXB9,2,Mar-23,Bommanahalli Zone,,BBMP Park
29,Mphasis,Naft Collage back side Park,12.91005265,77.65263256,https://goo.gl/maps/4oB1gUeqphjX5amR8,3,Mar-23,Bommanahalli Zone,,BBMP Park
30,Mphasis,Rajyotsava Park,12.90950036,77.65114963,https://goo.gl/maps/ujkzLTVhfg68eVUb7,2,Mar-23,Bommanahalli Zone,,BBMP Park
31,Mphasis,Niligiri park/Krishana park,12.91356989,77.64629292,https://goo.gl/maps/KgreyNYntDMKThJP6,8,Mar-23,Bommanahalli Zone,,BBMP Park
32,Mphasis,Naft Collage back side Park 1,12.911332,77.65258779,https://goo.gl/maps/N87XZNEjxMubiDdC9,2,Mar-23,Bommanahalli Zone,,BBMP Park
33,Mphasis,Jodi Park,12.90834448,77.64085476,https://goo.gl/maps/VWTjrjNwD64GpLVq8,5,Mar-23,Bommanahalli Zone,,BBMP Park
34,Mphasis,Ugrappa Park/Swabimana park,12.91103482,77.64019346,https://goo.gl/maps/DzNWszQ2nZDLsHvV9,50,Mar-23,Bommanahalli Zone,,BBMP Park
35,Swiss Re Foundation,"4th Main park,Sector 7",12.910793,77.631703,"12.910793,77.631703",15,Mar-23,Bommanahalli Zone,,BBMP Park
36,Swiss Re Foundation,"8A Main Park,Sector 7",12.9095671,77.6334295,"12.9095671,77.6334295",10,Mar-23,Bommanahalli Zone,,BBMP Park
37,Swiss Re Foundation,"14th B Cross Road,Sector 6 Next to Children Amusement Park",12.914742,77.634614,"12.914742,77.634614",10,Mar-23,Bommanahalli Zone,,BBMP Park
38,Swiss Re Foundation,"6th Main park,sector 7",12.91081109,77.63348293,https://goo.gl/maps/YADgzcnSaPsRh8cC6,15,Mar-23,Bommanahalli Zone,,BBMP Park
39,Telstra,Independence Park,12.90740622,77.64703512,https://goo.gl/maps/t8Knez6rBbn7vo5z7,2,Mar-23,Bommanahalli Zone,,BBMP Park
40,Telstra,Green Park Sector-2,12.90978922,77.64593279,https://goo.gl/maps/nRhJ4rxnGnfhCJmi6,5,Mar-23,Bommanahalli Zone,,BBMP Park
41,Mphasis,Hulimavu BDA Park,12.86678172,77.59940227,https://goo.gl/maps/te9387HZTYAMQjxD6,7,Mar-23,Bommanahalli Zone,,BBMP Park
42,Mphasis,Banana Park,12.88930911,77.61007272,https://goo.gl/maps/EKtdXutPEDiv4EeT8,2,Mar-23,Bommanahalli Zone,,BBMP Park
43,Mphasis,Ayyappa Temple Park 1,12.89240386,77.60917072,https://goo.gl/maps/jvor8t6RkpHxzb3T9,21,Mar-23,Bommanahalli Zone,,BBMP Park
44,Mphasis,Police station back back side park,12.89086999,77.60833481,https://goo.gl/maps/eYUUaBBxuo2BXHJ68,5,Mar-23,Bommanahalli Zone,,BBMP Park
45,Mphasis,Kaveramma Park,12.89521886,77.60633227,"https://maps.google.com/?q=12.895062,77.606343&entry=gps",5,Mar-23,Bommanahalli Zone,,BBMP Park
46,Mphasis,Near Sai baba temple park,12.88324687,77.60880572,https://goo.gl/maps/TxMz8kwUocWcFXwVA,2,Mar-23,Bommanahalli Zone,,BBMP Park
47,Mphasis,Ayyappa Temple back side Park,12.89176157,77.60555116,https://goo.gl/maps/iQwa3eYcFGcJgewg7,14,Mar-23,Bommanahalli Zone,,BBMP Park
48,Mphasis,Loyala School Park,12.86834881,77.59122018,https://goo.gl/maps/zcqB1RtJBF9RFDb47,112,Mar-23,Bommanahalli Zone,,BBMP Park
49,NextGen,Kariyappa park,12.9199242,77.60979038,https://goo.gl/maps/yD4Q4c6Y2AK8Dcna6,16,Mar-23,South zone,,BBMP Park
50,Nextgen,Kuvempu Park,12.91728887,77.61044636,https://goo.gl/maps/1MjiWknEz4qvZPE98,17,Mar-23,South zone,,BBMP Park
51,Mphasis,Shantiniketan Tank Park,12.88166821,77.60794748,https://goo.gl/maps/JPwgaVEfPQcTfBiS6,11,Mar-23,Bommanahalli Zone,,BBMP Park
52,Mphasis,Nirmala Joyhti ITI Park,12.86656943,77.59192461,https://goo.gl/maps/bC1T6TRLqaFTYWzK8,16,Mar-23,Bommanahalli Zone,,Others
53,Mphasis,Maitreya Campus,12.86825352,77.58722838,https://goo.gl/maps/93Kadr5vtbUYrWvX8,5,Mar-23,Bommanahalli Zone,,Others
54,Mphasis,Ashram park,12.86738584,77.58845395,https://goo.gl/maps/LSNVDBY8T47JwT8V8,9,Mar-23,Bommanahalli Zone,,Others
55,Mphasis,Karnataka Compost Development Corporation,12.89405893,77.64953475,https://goo.gl/maps/WuvjBfwX32UA39AfA,10,Mar-23,Bommanahalli Zone,,Others
56,Mphasis,Govt Hospital park Singasandra,12.87232959,77.65241851,https://goo.gl/maps/sBmAYxceRGjWUjwS6,13,Mar-23,Bommanahalli Zone,,Others
57,Mphasis,Forest Department Nursery,12.89643266,77.6460462,https://goo.gl/maps/dXehue79KxM7pmHV6,48,Mar-23,Bommanahalli Zone,,Forest Dept
58,Mphasis,Bommanahalli Horticulture Farmhouse,12.89640662,77.6469219,https://goo.gl/maps/gkXiWEMiqRg5RLD1A,30,Mar-23,Bommanahalli Zone,,Forest Dept
59,Mphasis,Poornapragna park,12.90665515,77.53746856,https://maps.app.goo.gl/A32TgSiu1XDwNjt57,14,Mar-23,Bommanahalli Zone,,BBMP Park
60,Mphasis,Poornapragna 49th Cross Park,12.90725759,77.53778392,https://maps.app.goo.gl/oZFqzK1Rsid9XceV8,19,Mar-23,Bommanahalli Zone,,BBMP Park
61,Mphasis,Poornapragna Amruth Park,12.90251158,77.53578517,https://maps.app.goo.gl/gsu1eCvEzYK4NeyK8,8,Mar-23,Bommanahalli Zone,,BBMP Park
62,Mphasis,Poornapragna park no 7,12.90704784,77.53278612,https://maps.app.goo.gl/QzjRz9L91Yi1XMLy7,8,Mar-23,Bommanahalli Zone,,BBMP Park
63,Mphasis,Chakra Park,12.89295049,77.53291016,https://maps.app.goo.gl/LqkYNAM3JcVEoXRZA,7,Mar-23,Bommanahalli Zone,,BBMP Park
64,Mphasis,Patyangiri Park,12.89076824,77.53540996,https://maps.app.goo.gl/2PDmjEmQMjyJqdNT9,4,Mar-23,Bommanahalli Zone,,BBMP Park
65,Mphasis,Poornapragna park no 16,12.90251245,77.53654487,https://maps.app.goo.gl/eMDt6XeFbjyVCYv58,9,Mar-23,Bommanahalli Zone,,BBMP Park
66,Target Corporation,Soundarya BBMP Park,13.03626699,77.56940865,https://goo.gl/maps/wX9KX2FnRgYqkEbh9,20,Mar-23,East Zone,,BBMP Park
67,Target Corporation,Boulevard Park-1,13.04045885,77.56863474,https://goo.gl/maps/4kAvunddTuRJHBFL8,15,Mar-23,East Zone,,BBMP Park
68,Target Corporation,Boulevard Park-2,13.04098071,77.56852369,https://goo.gl/maps/PhtnhasSFpCKyACv7,9,Mar-23,East Zone,,BBMP Park
69,Target Corporation,Boulevard Park-3,13.04296423,77.56832996,https://goo.gl/maps/3jkijfC4yoGAvuNd9,22,Mar-23,East Zone,,BBMP Park
70,Target Corporation,Central Excise Layout Park,13.03906759,77.57955232,https://goo.gl/maps/rwbqsNqUQqcqqd6K6,5,Mar-23,East Zone,,BBMP Park
71,Target Corporation,Raghuvana Park,13.03963515,77.57752509,https://goo.gl/maps/CMANpkjscD693AvX8,2,Mar-23,East Zone,,BBMP Park
72,Target Corporation,Bruhath Park Opp to Kanti sweets,13.03984493,77.56430386,https://goo.gl/maps/xWKXYPELxv6uooau5,2,Mar-23,East Zone,,BBMP Park
73,Kennametal,Acharya College Park,13.00254691,77.48550144,https://maps.app.goo.gl/ieRqS8Pn1xQMp7Q27,20,Mar-23,RR Nagar Zone,,BBMP Park
74,Kennametal,Doddabidarakullu Kalabaireswara,13.03039453,77.48402681,https://maps.app.goo.gl/xc7xHKuENCLxvsWr7,23,Mar-23,RR Nagar Zone,,BBMP Park
75,Kennametal,GM Cartege Park,13.02108972,77.48577611,https://maps.app.goo.gl/xPWeXW8aaDkgBLkS7,5,Mar-23,RR Nagar Zone,,BBMP Park
76,Kennametal,Doddabidarakallu ward office Park,13.02119145,77.48605301,https://maps.app.goo.gl/xPWeXW8aaDkgBLkS7,12,Mar-23,RR Nagar Zone,,BBMP Park
77,Broadcom,"Bio Centre,Horticulture Department",12.87643469,77.59429292,https://maps.app.goo.gl/dxiLjsMjxZCBKrYh7,115,Mar-23,Bommanahalli Zone,,Horticulture Parks
78,Broadcom,Royal County Park-1,12.86159135,77.58000893,https://goo.gl/maps/St7r5ryrEHsYcyn7A,15,Mar-23,Bommanahalli Zone,,BBMP Park
79,Broadcom,Royal County Park-2,12.86939535,77.57678194,https://goo.gl/maps/GnDFxrzMm829KhuJ6,15,Mar-23,Bommanahalli Zone,,BBMP Park
80,Broadcom,Royal Lake Front park,12.87017386,77.57738622,https://goo.gl/maps/nbman5vZNx88vuHq8,10,Mar-23,Bommanahalli Zone,,BBMP Park
81,Broadcom,Namma Clinic Park Anjanapura,12.87326718,77.56360332,https://maps.app.goo.gl/PuZqEVLTSmPGrqs38,12,Mar-23,Bommanahalli Zone,,BBMP Park
82,Broadcom,Agastya Vana,12.86542308,77.56496842,https://maps.app.goo.gl/aTMmeRbXVKXTXe4N9,5,Mar-23,Bommanahalli Zone,,BBMP Park
83,Broadcom,Miyavaki Plantation park,12.86557338,77.56479919,https://maps.app.goo.gl/aTMmeRbXVKXTXe4N9,3,Mar-23,Bommanahalli Zone,,BBMP Park
84,Broadcom,Alwarna Bhavan,12.86405817,77.59312627,https://maps.app.goo.gl/VsZTUdbJSzTKPGE66,20,Mar-23,Bommanahalli Zone,,Others
85,Broadcom,Narayana Nagar Park-2,12.87182972,77.55576266,https://maps.app.goo.gl/a9okKcE9f6xvV4Kp9,8,Mar-23,Bommanahalli Zone,,BBMP Park
86,Broadcom,RBI Layout Ladies play ground Park,12.89055921,77.57792364,https://maps.app.goo.gl/EaCsQvyzn8kS75WU7,12,Mar-23,Bommanahalli Zone,,BBMP Park
87,Broadcom,Ramachandra pura park,12.91623018,77.54279658,https://goo.gl/maps/2CyPHstgAKQMMmxAA,10,Mar-23,Bommanahalli Zone,,BBMP Park
88,Broadcom,NPS School Park,12.89971752,77.52907887,https://goo.gl/maps/UTjXGKXyWAt57T1q7,10,Mar-23,Bommanahalli Zone,,BBMP Park
89,Broadcom,Nandini Booth Park,12.90607096,77.5372567,https://goo.gl/maps/B6fWXbBTkF86tk3g9,20,Mar-23,Bommanahalli Zone,,BBMP Park
90,Broadcom,Poornaprajna Park no-14,12.9054733,77.53753024,https://goo.gl/maps/w2KJCAL2LtsUBdLo6,5,Mar-23,Bommanahalli Zone,,BBMP Park
91,Broadcom,RBI Layout Park-1,12.88927284,77.57840685,https://goo.gl/maps/7LWH92dtYBuLXC749,3,Mar-23,Bommanahalli Zone,,BBMP Park
92,Broadcom,Aradhana School,12.88490365,77.59225574,https://maps.app.goo.gl/27ZV9u2acx7Hw4r76,20,Mar-23,Bommanahalli Zone,,Schools and Colleges
93,Broadcom,St Joseph Nivas School,12.85078672,77.59722959,https://maps.app.goo.gl/QcgU1YqVsmVYmA8j7,50,Mar-23,Bommanahalli Zone,,Schools and Colleges
94,Broadcom,Prema Sadana,12.84621767,77.599924,https://maps.app.goo.gl/dUMjgqoERKTvbZ3q8,64,Mar-23,Bommanahalli Zone,,Schools and Colleges
95,Broadcom,Jeevan Juvenile home,13.017737,77.6387426,https://maps.app.goo.gl/Snq7aU21sPw4tkoWA,12,Mar-23,Bommanahalli Zone,,Schools and Colleges
96,Broadcom,Medico Social centre,12.92749179,77.61518512,https://maps.app.goo.gl/YWkb1j5nJttdpUxk9,25,Mar-23,Bommanahalli Zone,,Schools and Colleges
97,Broadcom,Trinity Park,12.86732379,77.58658846,https://maps.app.goo.gl/NzrnSTYYprEYGZDM9,48,Mar-23,Bommanahalli Zone,,Others
98,Broadcom,Singasandra Park-Farm house,12.89649577,77.64674581,https://maps.app.goo.gl/sjuH5Y9B7d8MJPFLA,8,Mar-23,Bommanahalli Zone,,Horticulture Parks
99,Broadcom,Poornaprajna flower park (Uttarahalli Depo park),12.91105219,77.53530358,https://goo.gl/maps/ynixBJjNB4QSAdVr8,10,Mar-23,Bommanahalli Zone,,BBMP Park
100,Broadcom,Poornaprajna Park no-5,12.90999523,77.53225704,https://goo.gl/maps/Agnb5cEwYrzQma8g9,10,Mar-23,Bommanahalli Zone,,BBMP Park
101,NTT Data,AECS Layout Park,12.96305693,77.7152211,https://maps.app.goo.gl/To9eqm9PrtX2X6387,10,Feb-23,Mahadevapura Zone,,BBMP Park
102,NTT Data,Nisagara Park,12.96211429,77.70972243,https://maps.app.goo.gl/JcQrRfiP5sHSjzoY7,8,Feb-23,Mahadevapura Zone,,BBMP Park
103,NTT Data,Eco Park,13.01749357,77.69570771,https://maps.app.goo.gl/iwJpBkmC4xeGUX639,5,Feb-23,Mahadevapura Zone,,BBMP Park
104,NTT Data,Chele Kere Park ( Kranti veera sangolli rayanna BBMP Park Chelkere),13.0255654,77.64464549,https://maps.app.goo.gl/gi4BWdgtcgYwf9767,15,Feb-23,Mahadevapura Zone,,BBMP Park
105,NTT Data,Whitefield Park (Inner circle municipal park),12.97197227,77.74860444,https://maps.app.goo.gl/oX1LxNk2au1Vub6SA,12,Feb-23,Mahadevapura Zone,,BBMP Park
106,Mphasis,Nandanavana Park,12.91485513,77.60443324,https://maps.app.goo.gl/vpmpBbqhK5VgUPYx8,8,Mar-24,South zone,,BBMP Park
107,Mphasis,Veera Yodhara Vana Park,12.93114275,77.62679359,https://maps.app.goo.gl/CAnBk6fKzTwKKzNE7,39,Mar-24,South zone,,BBMP Park
108,Mphasis,Koramangala Post Office Ground,12.92771786,77.62768574,https://maps.app.goo.gl/UqKJ7MiGU7exFJUx9,7,Mar-24,South zone,,BBMP Park
109,Mphasis,Mico Layout Park 2 ( M S Collage),12.90809123,77.6120111,https://maps.app.goo.gl/nzDxHJUrR6LdMoPL9,8,Mar-24,South zone,,BBMP Park
110,Mphasis,Mico Layout Park (N S Palya Park ),12.91143318,77.60487158,https://maps.app.goo.gl/RmnUJqpqQRK2o9NM8,9,Mar-24,South zone,,BBMP Park
111,Mphasis,CAR South Adugodi ( DCP Farmhouse),12.93836438,77.61073067,https://maps.app.goo.gl/nR4AwUmrymNbcn1V9,20,Mar-24,South zone,,Police Campus
112,Mphasis,"CAR South Quaters,Road side etc",12.93837615,77.61054177,https://maps.app.goo.gl/nR4AwUmrymNbcn1V9,106,Mar-24,South zone,,Police Campus
113,Mphasis,Nandini Booth Park,12.91052542,77.61034249,https://maps.app.goo.gl/i7kXNiSVoG6uhpd47,8,Mar-24,South zone,,BBMP Park
114,Mphasis,Vinayaka Temple Park 1,12.9117442,77.61383365,https://maps.app.goo.gl/WJgtVmRGFjJNLZ8c8,5,Mar-24,South zone,,BBMP Park
115,Mphasis,Vinayaka Temple Park 2,12.91315951,77.61385468,https://maps.app.goo.gl/fit13K8hdmhq9HGC8,2,Mar-24,South zone,,BBMP Park
116,Mphasis,Mini Forest Park,12.90897462,77.59910552,https://maps.app.goo.gl/ijPdP1snsznJ7e1V7,4,Mar-24,South zone,,BBMP Park
117,Mphasis,Bhagath Singh Park,12.91177625,77.59887306,https://maps.app.goo.gl/DYQMAHjx8xrRnfkf7,4,Mar-24,South zone,,BBMP Park
118,Mphasis,16th Main Park J.P Nagar,12.90615007,77.60066192,https://maps.app.goo.gl/RhzgzrgjAXTYHyXv5,3,Mar-24,South zone,,BBMP Park
119,Mphasis,Hopcoms Park J.P Nagar,12.90514941,77.59681441,https://maps.app.goo.gl/tXJStdM5yAHnZQHs7,4,Mar-24,South zone,,BBMP Park
120,Mphasis,Kiru Vruksha vana,12.90550524,77.59376264,https://maps.app.goo.gl/13LN61Zw6MVcAxwD6,3,Mar-24,South zone,,BBMP Park
121,Mphasis,Dollars Colony Park,12.90317751,77.59654828,https://maps.app.goo.gl/D9opXosKJyrzcYf78,5,Mar-24,South zone,,BBMP Park
122,Mphasis,Kadamba Park,12.93834739,77.61068929,https://maps.app.goo.gl/nR4AwUmrymNbcn1V9,27,Mar-24,South zone,,BBMP Park
123,Mphasis,Police Parade Ground Backside Area,12.93834739,77.61068929,https://maps.app.goo.gl/nR4AwUmrymNbcn1V9,25,Mar-24,South zone,,Police Campus
124,Mphasis,Children's Playground Surrounding,12.93834739,77.61068929,https://maps.app.goo.gl/nR4AwUmrymNbcn1V9,20,Mar-24,South zone,,Police Campus
125,Mphasis,Teakwood Area Surronding,12.93834739,77.61068929,https://maps.app.goo.gl/nR4AwUmrymNbcn1V9,26,Mar-24,South zone,,Police Campus
126,Mphasis,Generator Area Surrounding,12.93834739,77.61068929,https://maps.app.goo.gl/nR4AwUmrymNbcn1V9,15,Mar-24,South zone,,Police Campus
127,Mphasis,Mangala Convention Centre Surrounding,12.93834739,77.61068929,https://maps.app.goo.gl/nR4AwUmrymNbcn1V9,4,Mar-24,South zone,,Police Campus
128,Mphasis,"3 and 4th Battlion,KSRP",12.92186386,77.62522723,https://maps.app.goo.gl/xsssq14nStERTyt29,100,Mar-24,Bommanahalli Zone,,Police Campus
129,Mphasis,Lakshmidevi park,12.92845157,77.63366309,https://maps.app.goo.gl/zKpYy7AePmTqxSLu9,15,Mar-24,South zone,,BBMP Park
130,Mphasis,Eco Park,12.93883234,77.62518367,https://maps.app.goo.gl/Asrc5jftCH5QoHZt6,9,Mar-24,South zone,,BBMP Park
131,Mphasis,"9th Battlion,KSRP",12.88557587,77.67183229,https://maps.app.goo.gl/44AjRLLbhxPwwAjYA,133,Mar-24,Bommanahalli Zone,,Police Campus
132,Mphasis,Training centre dairy circle,12.93647481,77.60056509,https://maps.app.goo.gl/2HbAuwzBZArrqSLb9,25,Mar-24,South zone,,Schools and Colleges
133,Mphasis,SFHS Badavane park,12.91546915,77.60216706,https://maps.app.goo.gl/9KRSjuZWpHLuPsnb6,5,Mar-24,South zone,,BBMP Park
134,Mphasis,Vishweshwaraiah Park,12.91223853,77.61350456,https://maps.app.goo.gl/hhjm2d5b6QERybQZA,5,Mar-24,South zone,,BBMP Park
135,Broadcom,Police Training School Campus,13.07701774,77.62576647,https://maps.app.goo.gl/ZthZRamGD7gQHuo56,30,Mar-24,Yelahanka Zone,,Police Campus
136,Broadcom,Central Reserve Police Force Campus,13.12371253,77.57402539,https://maps.app.goo.gl/T5QpVDYZKEt6PkTF9,200,Mar-24,Yelahanka Zone,,Defence Campus
137,Broadcom,Central Reserve Police Force Campus,13.12371253,77.57402539,https://maps.app.goo.gl/T5QpVDYZKEt6PkTF9,59,Mar-24,Yelahanka Zone,,Defence Campus
138,Broadcom,Armed Personnel Training School Campus,13.12465501,77.60497063,https://maps.app.goo.gl/P9PZjLQZgTabS4DA7,24,Mar-24,Yelahanka Zone,,Police Campus
139,Broadcom,Armed Personnel Training School Campus,13.12465501,77.60497063,https://maps.app.goo.gl/P9PZjLQZgTabS4DA7,3,Mar-24,Yelahanka Zone,,Police Campus
140,Broadcom,Sahakarnagar Park 2,13.06055545,77.58918407,https://maps.app.goo.gl/NB4EMcoRLwzfq3SAA,5,Mar-24,Yelahanka Zone,,BBMP Park
141,Broadcom,Yogi Vemana Park,13.09855709,77.57189702,https://maps.app.goo.gl/WR4Xmw5Ru2TqD94h7,6,Mar-24,Yelahanka Zone,,BBMP Park
142,Broadcom,Sir. M Vishveshwaraiah Park,13.09826923,77.57980314,https://maps.app.goo.gl/5utEzUrdgfrQJLiR7,35,Mar-24,Yelahanka Zone,,BBMP Park
143,Broadcom,Cauvery Park,13.09830645,77.57689764,https://maps.app.goo.gl/tkqxRSG5mVDhEJs39,3,Mar-24,Yelahanka Zone,,BBMP Park
144,Broadcom,Rashtrakavi kuvempu Park,13.10368218,77.57403914,https://maps.app.goo.gl/Eo6xiMwe159h2uQw6,6,Mar-24,Yelahanka Zone,,BBMP Park
145,Broadcom,Kittoor Rani Chennamma Park,13.10162912,77.57382388,https://maps.app.goo.gl/bxaKh9sBbahDLrZL8,1,Mar-24,Yelahanka Zone,,BBMP Park
146,Broadcom,District Armed Reserve Police Campus,12.99146602,77.47851769,https://maps.app.goo.gl/WNYsz9tzNZTMDx91A,100,Mar-24,Yelahanka Zone,,Police Campus
147,Broadcom,District Armed Reserve Police Campus,12.99146602,77.47851769,https://maps.app.goo.gl/WNYsz9tzNZTMDx91A,53,Mar-24,Yelahanka Zone,,Police Campus
148,Broadcom,ASC Centre,12.93911366,77.63298828,https://maps.app.goo.gl/jpi6UYD1aBBuY97F7,119,Mar-24,East Zone,,Defence Campus
149,Broadcom,ASC Centre (Iblur),12.93930704,77.63338362,https://maps.app.goo.gl/DLMXVX8J29e6TiE18,20,Mar-24,Bommanahalli Zone,,Defence Campus
150,Broadcom,Shettihalli Anjaneya Temple Park,13.06678688,77.51709812,https://maps.app.goo.gl/xUdQYLJnhjjXTq5n9,5,Mar-24,Dasarahalli zone,,BBMP Park
151,Broadcom,Shettihalli park-2,13.0642037,77.51434658,https://maps.app.goo.gl/j2b9e7ZVAn9eGz379,4,Mar-24,Dasarahalli zone,,BBMP Park
152,Broadcom,MEI Layout Park 5,13.05849262,77.50569189,https://maps.app.goo.gl/Ni6y2x8aRVe6BwSQ8,9,Mar-24,Dasarahalli zone,,BBMP Park
153,Broadcom,Nela Maheshwari Park,13.04915937,77.5108994,https://maps.app.goo.gl/Ny9mXPw9iqfbd6Yz7,3,Mar-24,Dasarahalli zone,,BBMP Park
154,Broadcom,Gruhalakshmi Layout Park 2,13.03244231,77.49871166,https://maps.app.goo.gl/3GirKuxLayC9GPHJA,8,Mar-24,Dasarahalli zone,,BBMP Park
155,Broadcom,Gruhalakshmi Layout Park 1,13.02659374,77.49737923,https://maps.app.goo.gl/ZLsyxMwdtQCXL97z8,5,Mar-24,Dasarahalli zone,,BBMP Park
156,Broadcom,Manjunatha Temple Park,13.01799347,77.51918532,https://maps.app.goo.gl/2DKD5vcA7FgiG3D18,6,Mar-24,Dasarahalli zone,,BBMP Park
157,Broadcom,Visvaswariah Enclave Park,13.06563299,77.53349882,https://maps.app.goo.gl/g1aD6YdyrJNP9Ger7,5,Mar-24,Dasarahalli zone,,BBMP Park
158,Broadcom,Gurahalakshmi Layout Part 4,13.02973351,77.49927994,https://maps.app.goo.gl/rzC5q1wysahsDtEDA,9,Mar-24,Dasarahalli zone,,BBMP Park
159,Broadcom,Geleyara Balaga Playground,13.07047213,77.50884705,https://maps.app.goo.gl/tVALMxhdwi8G6a5z8,4,Mar-24,Dasarahalli zone,,BBMP Park
160,Broadcom,Shettyhalli Park -1,13.06435043,77.51455945,https://goo.gl/maps/vzfVtM9c1TmbfPVE8,3,Mar-24,Dasarahalli zone,,BBMP Park
161,Broadcom,MEI Layout Park 2,13.06059982,77.50658522,https://maps.app.goo.gl/c74BwXWBLpz73B3u8,10,Mar-24,Dasarahalli zone,,BBMP Park
162,Broadcom,MEI Layout Park 3,13.06272644,77.5018956,https://maps.app.goo.gl/YbbT1pbuspuBQk7DA,6,Mar-24,Dasarahalli zone,,BBMP Park
163,Broadcom,BBMP Nursery Park,13.06882548,77.50144126,https://maps.app.goo.gl/EAruAdQFjk9SA8WVA,4,Mar-24,Dasarahalli zone,,BBMP Park
164,Broadcom,Kirloskar Layout Park 2,13.06574788,77.50200243,https://maps.app.goo.gl/E1yQAc49XjSkMNYKA,3,Mar-24,Dasarahalli zone,,BBMP Park
165,Broadcom,PHC Centre Backside Park (BWSSB),12.99738807,77.76174342,https://maps.app.goo.gl/idVhb4qYwm3fR3g97,3,Mar-24,East Zone,,BWSSB Dept
166,Broadcom,Sahakarnagar Park 1,13.06310149,77.58550087,https://maps.app.goo.gl/8VK1524rtFQhAMhC8,11,Mar-24,Yelahanka Zone,,BBMP Park
167,Broadcom,Ramana Maharshi Park,13.10426609,77.57454471,https://maps.app.goo.gl/mrm8QUoWryM77K2DA,2,Mar-24,Yelahanka Zone,,BBMP Park
168,Broadcom,Madiwala Machayya Park,13.10611562,77.57051317,https://maps.app.goo.gl/La6CnwKtwYdjaDmr9,10,Mar-24,Yelahanka Zone,,BBMP Park
169,Broadcom,Kuvempu Park,13.10364867,77.57406239,https://maps.app.goo.gl/vbCAnCYtTymXgvK79,6,Mar-24,Yelahanka Zone,,BBMP Park
170,Broadcom,Abdul Kalam Park,13.08298224,77.54374275,https://maps.app.goo.gl/Z9DLTj8txuU2c4Kr8,6,Mar-24,Yelahanka Zone,,BBMP Park
171,Broadcom,Vibhuthipura,12.96302124,77.6733074,https://maps.app.goo.gl/orWP1URQsnxeiXQa7,9,Mar-24,East Zone,,BWSSB Dept
172,Broadcom,A Narayanapura,12.99064627,77.68110659,https://maps.app.goo.gl/LxXuys6Rie4EkRef8,8,Mar-24,East Zone,,BBMP Park
173,ANZ Operations,Police Training School Campus,13.07701774,77.62576647,https://maps.app.goo.gl/ZthZRamGD7gQHuo56,48,Mar-24,Yelahanka Zone,,Police Campus
174,Collins Aerospace,Central Reserve Police Force Campus-(CRPF),13.12329458,77.57149339,https://maps.app.goo.gl/T5QpVDYZKEt6PkTF9,89,Mar-24,Yelahanka Zone,,Defence Campus
175,GE Oil and Gas,Armed Personnel Training School Campus,13.12465501,77.60479897,https://maps.app.goo.gl/P9PZjLQZgTabS4DA7,58,Mar-24,Yelahanka Zone,,Police Campus
176,Morgan Stanley,Panchakshari Gawai Park,13.10342441,77.57456755,https://maps.app.goo.gl/rmq6WHSKU3rjzN1a9,12,Mar-24,Yelahanka Zone,,BBMP Park
177,Morgan Stanley,Chowdeshwari Park,13.10221457,77.57380771,https://maps.app.goo.gl/frM83nqgQ1bU9wKH9,8,Mar-24,Yelahanka Zone,,BBMP Park
178,Morgan Stanley,Kittoor Rani Chennamma Park,13.10150701,77.57305734,https://maps.app.goo.gl/bxaKh9sBbahDLrZL8,20,Mar-24,Yelahanka Zone,,BBMP Park
179,Morgan Stanley,Sardar Vallabhai Patel (SFS 208) Park,13.10056634,77.57180071,https://maps.app.goo.gl/JogMUnmFzGk7oGkc6,11,Mar-24,Yelahanka Zone,,BBMP Park
180,Morgan Stanley,Jhansi Rani Lakshmibai Park,13.10004659,77.57551197,https://maps.app.goo.gl/aPj4N8CK1H2vs4ui9,5,Mar-24,Yelahanka Zone,,BBMP Park
181,Morgan Stanley,B.M Shrikantaiah Park,13.09971679,77.57217492,https://maps.app.goo.gl/ffMXe4V5HpzSebEV7,23,Mar-24,Yelahanka Zone,,BBMP Park
182,Morgan Stanley,Dr. Ambedkar Park,13.10218162,77.58605559,https://maps.app.goo.gl/JzNRB14ctLYpSNGK8,15,Mar-24,Yelahanka Zone,,BBMP Park
183,Morgan Stanley,Shivramkaranth Park,13.1001944,77.57341746,https://maps.app.goo.gl/bEqeeH1qLBH6PyRc9,10,Mar-24,Yelahanka Zone,,BBMP Park
184,Morgan Stanley,Near Indira Canteen Park(BWSSB),12.99818634,77.76031644,https://maps.app.goo.gl/trMbTuqDGbYeUT1r8,4,Mar-24,Yelahanka Zone,,BWSSB Dept
185,PWC,Police Driving and Maintenance School,13.12497214,77.60699385,https://maps.app.goo.gl/bP73ytoJs6eToKHs5,51,Mar-24,Yelahanka Zone,,Police Campus
186,PWC,Defence Layout Park Devamatha School,13.0837177,77.55735421,https://maps.app.goo.gl/5Mbg5AEGVnVaQtaa9,7,Mar-24,Yelahanka Zone,,BBMP Park
187,PWC,Vidyaranyapura Play ground,13.08383238,77.55841304,https://maps.app.goo.gl/FjbNhNvm2eme3jbs5,3,Mar-24,Yelahanka Zone,,BBMP Park
188,PWC,Ganesha Temple Park,13.10464296,77.57544211,https://maps.app.goo.gl/oKKUwr3vEtdczUJz9,6,Mar-24,Yelahanka Zone,,BBMP Park
189,PWC,Da.ra. Bendre Park,13.10345175,77.57574613,https://maps.app.goo.gl/7BXQgaPPggx5enoS7,4,Mar-24,Yelahanka Zone,,BBMP Park
190,PWC,Subhash Chandra Bose Park,13.10399023,77.57611021,https://maps.app.goo.gl/TWqYMG8Dc1Rr7AnE8,4,Mar-24,Yelahanka Zone,,BBMP Park
191,PWC,Yelahanka Park,13.10594131,77.57651497,https://maps.app.goo.gl/SjYPRUhSnEqxk3pD6,5,Mar-24,Yelahanka Zone,,BBMP Park
192,PWC,Abdul Kalam Park,13.10665823,77.57588442,https://maps.app.goo.gl/wcQT4Lz22GtCsfuf9,4,Mar-24,Yelahanka Zone,,BBMP Park
193,PWC,Krishnadevaraya Park,13.10501517,77.57489158,https://maps.app.goo.gl/uPH7dxbrnr6YgYJt8,3,Mar-24,Yelahanka Zone,,BBMP Park
194,PWC,Valmiki Park,13.09942768,77.57486501,https://maps.app.goo.gl/6sHEHiw56TBvJ1XHA,4,Mar-24,Yelahanka Zone,,BBMP Park
195,PWC,Jhansi Rani lakshmi Bai,13.09987854,77.57525992,https://maps.app.goo.gl/CR4SWVWsfaBunLUb8,2,Mar-24,Yelahanka Zone,,BBMP Park
196,PWC,Shivramkaranth Park,13.10003046,77.57354542,https://maps.app.goo.gl/3F36owxXQfKU9HB78,1,Mar-24,Yelahanka Zone,,BBMP Park
197,PWC,Duo Marvel layout Park,13.11757675,77.56904176,https://maps.app.goo.gl/heXme9yShTExfKtF8,5,Mar-24,Yelahanka Zone,,BBMP Park
198,PWC,Sangolli Rayanna Park,13.10484405,77.57641478,https://maps.app.goo.gl/VJhn3iWU1N3k261U9,4,Mar-24,Yelahanka Zone,,BBMP Park
199,PWC,Hoodi Government School,12.99521536,77.71826363,https://maps.app.goo.gl/2U6tAabDwf2HTyKn7,4,Mar-24,Yelahanka Zone,,BWSSB Dept
200,Informatica,Geleyara Balaga Park -1,13.07105214,77.50896464,https://maps.app.goo.gl/W4Dn284VkfUvLvyC6,5,Mar-24,Dasarahalli Zone,,BBMP Park
201,Informatica,Geleyara Balaga Park -2,13.07019368,77.50911361,https://maps.app.goo.gl/UkxAfkqLazJWPdGx6,3,Mar-24,Dasarahalli Zone,,BBMP Park
202,Informatica,HMT Layout 4th Block Park,13.03828874,77.50117212,https://maps.app.goo.gl/uwmk6JQ8vpSzt8Cr8,6,Mar-24,Dasarahalli Zone,,BBMP Park
203,Informatica,K R S Gowda Park,13.03604364,77.50288776,https://maps.app.goo.gl/PPBDZn2jdyt8HRfg7,10,Mar-24,Dasarahalli Zone,,BBMP Park
204,Informatica,Rukmininagar Park,13.04017965,77.50288984,https://maps.app.goo.gl/fgaDHhbwBQYAyu8m8,2,Mar-24,Dasarahalli Zone,,BBMP Park
205,Informatica,Airforce Road Park,13.06048593,77.51641775,https://maps.app.goo.gl/URn3DAJD5qqsiWmt7,10,Mar-24,Dasarahalli Zone,,BBMP Park
206,Informatica,MEI Layout Park (Ganesh temple side),13.06010224,77.50659721,https://maps.app.goo.gl/4HXoSEqSqFmaYMh56,1,Mar-24,Dasarahalli Zone,,BBMP Park
207,Informatica,HMT Layout 1st Block Park(Pipeline Park),13.04031904,77.50271846,https://maps.app.goo.gl/qkDrgbRHc1sywK6e7,9,Mar-24,Dasarahalli Zone,,BBMP Park
208,Informatica,GKW Park (Rajgopalnagar),13.00971139,77.51355834,https://maps.app.goo.gl/sEWoWkctqLoxirdK6,13,Mar-24,Dasarahalli Zone,,BBMP Park
209,Informatica,Kodigehalli Anganavadi,13.00521456,77.72746202,https://maps.app.goo.gl/zFLdyyQnsDMRnwzp9,3,Mar-24,Dasarahalli Zone,,Schools and Colleges
210,Informatica,Sadara Mangala,13.00047985,77.7382393,https://maps.app.goo.gl/3aic4GzHGw8cbDKa7,2,Mar-24,Dasarahalli Zone,,BWSSB Dept
211,Informatica,Sadaramangala Hosaroad,12.9997259,77.73440146,https://maps.app.goo.gl/R46w3Gzbzs2Zsshg9,4,Mar-24,Dasarahalli Zone,,BWSSB Dept
212,Informatica,Sadaramangala STP,12.99829176,77.72168422,https://maps.app.goo.gl/fM2jqetm6AP2KdWW6,4,Mar-24,Dasarahalli Zone,,BWSSB Dept
213,Informatica,Ambedkar Nagar,12.98060271,77.75509679,https://maps.app.goo.gl/A1gZT1cbr1hqYyhx9,4,Mar-24,Dasarahalli Zone,,BWSSB Dept
214,Informatica,BMTC Depot,12.98060271,77.75509679,https://maps.app.goo.gl/A1gZT1cbr1hqYyhx9,2,Mar-24,Dasarahalli Zone,,BWSSB Dept
215,Ujjivan Bank,Bhagvan Gouthama Budda Park,13.10699258,77.57327611,https://maps.app.goo.gl/7T2Kv6QrhbwdrJuj8,5,Mar-24,Yelahanka Zone,,BBMP Park
216,Ujjivan Bank,Santa Sevalal Maharaj Park,13.10687502,77.57255862,https://maps.app.goo.gl/PRfnJNv7KFNYV79Z7,2,Mar-24,Yelahanka Zone,,BBMP Park
217,Ujjivan Bank,J.P Rajaratnam Park,13.09993543,77.57071033,https://maps.app.goo.gl/adKXhTrBGhrpUVLT9,3,Mar-24,Yelahanka Zone,,BBMP Park
218,Fortrea,Coles Park,12.99472085,77.6088038,https://maps.app.goo.gl/X9MmfAwizH4i98JJA,15,Mar-24,East Zone,,BBMP Park
219,Fortrea,Bengaluru Rural SP Office,12.98959938,77.59149969,https://maps.app.goo.gl/4iTDTkPHrFfsBU2r7,15,Mar-25,East Zone,,Police Campus
220,Alstom Foundation,Maharshi Valmiki Park,13.09940896,77.57488728,https://maps.app.goo.gl/sXFVerZs2Ug4oBm79,15,Mar-24,Yelahanka Zone,,BBMP Park
221,Happiest Minds,Coles Park,12.99477312,77.60882526,https://maps.app.goo.gl/X9MmfAwizH4i98JJA,37,Mar-24,East Zone,,BBMP Park
222,Mphasis,Carmel High School,12.98857412,77.54433678,https://maps.app.goo.gl/nyCWTa3ocRp55aHs8,9,Mar-25,West Zone,,Schools and Colleges
223,Mphasis,DRDO Phase 1,12.98522602,77.66274774,https://maps.app.goo.gl/sezSZpm9gZzyAUnRA,127,Mar-25,East Zone,,Defence Campus
224,Mphasis,DRDO Phase 2,12.98663303,77.68166136,https://maps.app.goo.gl/FFFwdogMtXpVEx976,53,Mar-25,East Zone,,Defence Campus
225,Mphasis,KSRP 4th Battalion,12.92350642,77.63086943,https://maps.app.goo.gl/gMqddc8geSosFZTw5,31,Mar-25,Bommanahalli Zone,,Police Campus
226,Mphasis,CAR North Campus,13.07570069,77.63439781,https://maps.app.goo.gl/ZJnZn76k25SQCEJm6,199,Mar-25,Yelahanka Zone,,Police Campus
227,Mphasis,KSRP 1st Battalion,12.96974719,77.61680292,https://maps.app.goo.gl/JRxQJW4B6BoSBVPm9,70,Mar-25,East Zone,,Police Campus
228,Mphasis,KSRP 9th Battalion,12.8928162,77.67043028,https://maps.app.goo.gl/54K9h2ZW4MrzDxJ2A,51,Mar-25,Bommanahalli Zone,,Police Campus
229,Mphasis,Doordarshan Kendra,13.009219,77.59188381,https://maps.app.goo.gl/rx7sHYSuhi1Vsb4H8,5,Mar-25,East Zone,,Others
230,Mphasis,Park opposite to RR Nagar Zonal office,12.92853515,77.51645808,https://maps.app.goo.gl/RJxE1CKS5HhYsbHZ9,5,Mar-25,RR Nagar Zone,,BBMP Park
231,Mphasis,"Sindhoor Kalyana Mantapa opp Park, Part -1",12.90704474,77.57608312,https://maps.app.goo.gl/Lkg4r29NveXLDGVj9,3,Mar-25,South Zone,,BBMP Park
232,Mphasis,"Sindhoor Kalyana Mantapa opp Park, Part -2",12.90727712,77.57721639,https://maps.app.goo.gl/B4cT3mYLXFXeoqVT9,3,Mar-25,South Zone,,BBMP Park
233,Mphasis,JP nagar 1st stage Park (keb line),12.90747816,77.57924512,https://maps.app.goo.gl/sLoZzYmTJuKmT1ds8,3,Mar-25,South Zone,,BBMP Park
234,Mphasis,"Badrinath Park (JP nagar 1st phase, 29th cross park)",12.90801827,77.5835244,https://maps.app.goo.gl/F46eHqhnUjvAfDi36,4,Mar-25,South Zone,,BBMP Park
235,Mphasis,"Ward Office Backside Park(JP Nagar, 2nd Stage)",12.90859238,77.58693659,https://maps.app.goo.gl/wauQc9usY5wKS9aR6,2,Mar-25,South Zone,,BBMP Park
236,Mphasis,Dhanvantari Park,12.90934385,77.58802793,https://maps.app.goo.gl/LmaGp6x4QvBwmKjQ8,5,Mar-25,South Zone,,BBMP Park
237,Mphasis,Pattabhiramnagar kshemabhivruddi Sangha Park (JP nagar 4th block),12.9210244,77.58963438,https://maps.app.goo.gl/Fis1KrfyD8VX5kmm8,5,Mar-25,South Zone,,BBMP Park
238,Mphasis,Jayanagar 4th T Block (Shakthi ganapati Temple Opp) Park,12.9252152,77.59127524,https://maps.app.goo.gl/niQ8yebeP2QE5oGp9,6,Mar-25,South Zone,,BBMP Park
239,Mphasis,MLA Office Behind Park,12.92497836,77.59026377,https://maps.app.goo.gl/bqn48Pqiamdp7QCT7,6,Mar-25,South Zone,,BBMP Park
240,Mphasis,Vishranthi Vana ( Dr. Vishnuvrdhan Park),12.92525017,77.59502636,https://maps.app.goo.gl/4jYunvWyBBJqXhrC6,4,Mar-25,South Zone,,BBMP Park
241,Mphasis,"Jayanagar 4th T Block, 28th Main Park(Bangalore one office)",12.92517698,77.59576665,https://maps.app.goo.gl/bRGAiRfBZp4L7KnX9,2,Mar-25,South Zone,,BBMP Park
242,Mphasis,"Laxman Rao Boulevard ""M"" Part Park",12.91853094,77.58066809,https://maps.app.goo.gl/22AnTrPGaEq36mKE8,5,Mar-25,South Zone,,BBMP Park
243,Mphasis,"Laxman Rao Boulevard ""L"" Part Park",12.9186047,77.58071986,https://maps.app.goo.gl/t3ewR9AXHHepejDUA,2,Mar-25,South Zone,,BBMP Park
244,Mphasis,All India Radio,12.98266338,77.59283713,https://maps.app.goo.gl/khSymPA294kAnwnYA,27,Mar-25,East Zone,,Others
245,Mphasis,VIMS Qtrs,12.99447085,77.54128023,https://maps.app.goo.gl/pZ9nM3uvJvcFBtiu8,12,Mar-25,East Zone,,Others
246,Deloitte India,Netaji Subhash Chandra Bose park and playground,12.99154244,77.54302804,https://maps.app.goo.gl/t9uUGQNyRhPm99aq5,9,Mar-25,West Zone,,BBMP Park
247,Deloitte India,Sir. M vishweshwaraiah Park University layout,12.97513245,77.59691433,https://maps.app.goo.gl/P8VzU62qw97yLVxB9,2,Mar-25,West Zone,,BBMP Park
248,Deloitte India,Gayathri housing society Park(Siddappaji),12.995783,77.54375547,https://maps.app.goo.gl/Ju2s2BjBBH7y92R86,2,Mar-25,West Zone,,BBMP Park
249,Deloitte India,LIC Colony Park (Akkamahadevi park),12.9961785,77.54299072,https://maps.app.goo.gl/9ZSEtbMoXj91Rqnn6,2,Mar-25,West Zone,,BBMP Park
250,Deloitte India,"Kalyana Venkateshwara park 2nd and 3rd cross, 14th main road",12.99800458,77.54174617,https://maps.app.goo.gl/2ByKnx7nUDU4EgSz8,3,Mar-25,West Zone,,BBMP Park
251,Deloitte India,Kirloskar Colony Park,12.99672337,77.53743303,https://maps.app.goo.gl/RW2Pp7NZuEv7KmBE7,2,Mar-25,West Zone,,BBMP Park
252,Deloitte India,Shivanagar Park,12.99276437,77.55014287,https://maps.app.goo.gl/VB3thH3csrFD9Lpo8,7,Mar-25,West Zone,,BBMP Park
253,Deloitte India,Dhobhi Ghat Park,12.98705212,77.55051776,https://maps.app.goo.gl/cGgra6yeAvh1oG5w8,1,Mar-25,West Zone,,BBMP Park
254,Deloitte India,S B I Colony Park,12.99366376,77.53643641,https://maps.app.goo.gl/5ZP82LxSrLbLPyoj7,3,Mar-25,West Zone,,BBMP Park
255,Deloitte India,Chinnaradhama Park,12.99146472,77.53475676,https://maps.app.goo.gl/WiJ9o5JS8FNAPoku9,2,Mar-25,West Zone,,BBMP Park
256,Deloitte India,Kempegowda North Tower Park,13.01245792,77.58291024,https://maps.app.goo.gl/s1vWkcKJuN2hQp17A,13,Mar-25,West Zone,,BBMP Park
257,Deloitte India,P B Srinivas Park,13.00595714,77.58217884,https://maps.app.goo.gl/xVMoyp95Uhr8H4Tv9,6,Mar-25,West Zone,,BBMP Park
258,Deloitte India,Virendra Patel Park,13.00680733,77.58214732,https://maps.app.goo.gl/fZx5LyE6sXB7q8kn9,4,Mar-25,West Zone,,BBMP Park
259,Deloitte India,Vaiyalikaval Ground Park,13.00503761,77.57972143,https://maps.app.goo.gl/DGftxSanfgtqiRmE7,4,Mar-25,West Zone,,BBMP Park
260,Deloitte India,Indira Gandhi Musical Fountain park,12.98552489,77.59194139,https://maps.app.goo.gl/rpmU5upozJpkKS177,12,Mar-25,East Zone,,BBMP Park
261,Deloitte India,Gayathri Devi Park,12.997617,77.55653639,https://maps.app.goo.gl/6fLMvWKZukJfSENK8,8,Mar-25,West Zone,,BBMP Park
262,Deloitte India,Navarang Park,12.99733201,77.55264558,https://maps.app.goo.gl/2tC7HwuTLibfp6ze9,3,Mar-25,West Zone,,BBMP Park
263,Deloitte India,Lalithamba Ganapathi Park,12.98604331,77.55899704,https://maps.app.goo.gl/EqU3PytpwrVUezTSA,3,Mar-25,West Zone,,BBMP Park
264,Deloitte India,Park infront of Madhu Hotel(WOC Road),12.98318867,77.54953675,https://maps.app.goo.gl/nB9CoXstpyqABLuD6,2,Mar-25,West Zone,,BBMP Park
265,Deloitte India,Nadaprabhu Kempegowda Stadium,13.00853299,77.55837184,https://maps.app.goo.gl/n6Y7o6fhYfzjj8xJ7,11,Mar-25,West Zone,,BBMP Park
266,Deloitte India,Sangolli Rayanna Park,13.00732042,77.55783005,https://maps.app.goo.gl/HZF9g3iJBJxSAoz56,9,Mar-25,West Zone,,BBMP Park
267,Deloitte India,Shankara Charya Park,13.00195766,77.5631968,https://maps.app.goo.gl/e8wLiLSqhnsiynzC8,2,Mar-25,West Zone,,BBMP Park
268,Deloitte India,16th Cross Park (Opp to Cricket House),13.00691988,77.56297866,https://maps.app.goo.gl/2YrX4rcHE6DSuPgj9,2,Mar-25,West Zone,,BBMP Park
269,Deloitte India,Gayathri Devi Park ( Malleshwaram),13.00608314,77.57569101,https://maps.app.goo.gl/kzr99CdR9ajrAt6s6,3,Mar-25,West Zone,,BBMP Park
270,Deloitte India,Atal ji Park,13.02384465,77.56103828,https://maps.app.goo.gl/UrWXs5WqzSToxBG69,5,Mar-25,West Zone,,BBMP Park
271,Deloitte India,Bhashyam Park,12.99227678,77.57191469,https://maps.app.goo.gl/VvkrjRNywcoJ3s8j7,4,Mar-25,West Zone,,BBMP Park
272,Deloitte India,Arundati Park,12.98833411,77.56776407,https://maps.app.goo.gl/TUrbjs6Tu7ZEUvMx9,2,Mar-25,West Zone,,BBMP Park
273,Deloitte India,Chikkalalbagh Park (Lokmanya Tilak Park),12.97387609,77.57278911,https://maps.app.goo.gl/BTUQGgmPjTXstGWj7,4,Mar-25,West Zone,,BBMP Park
274,Deloitte India,M S Ramaiah Park,13.03220545,77.5682802,https://maps.app.goo.gl/V9hWCQWjSFznvDaV8,5,Mar-25,West Zone,,BBMP Park
275,Deloitte India,Elephant Park,13.00008863,77.57031128,https://maps.app.goo.gl/WW2WvTMEEBfXEKgRA,4,Mar-25,West Zone,,BBMP Park
276,Deloitte India,New Market Park,13.00255689,77.57022343,https://maps.app.goo.gl/PhfsZ3CMDMLmZBZR9,3,Mar-25,West Zone,,BBMP Park
277,Deloitte India,Malleshwaram Valmiki Park,13.00625472,77.57017428,https://maps.app.goo.gl/HpTU1U3AyvcNr1RT8,3,Mar-25,West Zone,,BBMP Park
278,Deloitte India,Ramdev Park,13.00248032,77.576531,https://maps.app.goo.gl/GXcDoMNufZvSxPAo9,3,Mar-25,West Zone,,BBMP Park
279,Deloitte India,Gokak chaluvali Park,13.00865549,77.57135891,https://maps.app.goo.gl/a79AUkZ1kfA6P9Hq8,3,Mar-25,West Zone,,BBMP Park
280,Deloitte India,Swimming pool Extension Park,12.99922481,77.57438593,https://maps.app.goo.gl/m5RBPj1cP21ht9FF7,2,Mar-25,West Zone,,BBMP Park
281,Deloitte India,Guru Basavanna Park,13.02889641,77.57095665,https://maps.app.goo.gl/drSMkYpPS4WUTHf58,3,Mar-25,West Zone,,BBMP Park
282,Deloitte India,BBMP Gym Park,13.00084503,77.57619781,https://maps.app.goo.gl/b7vHoVDawHoFHYES7,4,Mar-25,West Zone,,BBMP Park
283,Deloitte India,W.H Gopal Park Part 1,12.99500778,77.5707654,https://maps.app.goo.gl/uMXb7mpUd9LfmwfG6,2,Mar-25,West Zone,,BBMP Park
284,Deloitte India,W.H Gopal Park Part 2,12.99425078,77.57079945,https://maps.app.goo.gl/Uz3rBcj3McnGgj8RA,1,Mar-25,West Zone,,BBMP Park
285,Deloitte India,Nehru Park,12.98816744,77.57527653,https://maps.app.goo.gl/MjGuEvyWd6xVFwbj7,4,Mar-25,West Zone,,BBMP Park
286,Deloitte India,Triangular Park,12.9870639,77.57630178,https://maps.app.goo.gl/isT7TSRr9sE7mcAR6,1,Mar-25,West Zone,,BBMP Park
287,Deloitte India,Bharatharatna Sir M Vishveshwaraiah Park Rajajinagar,12.99813584,77.54881476,https://maps.app.goo.gl/Jb6U2qd1H8KW9QBa7,3,Mar-25,West Zone,,BBMP Park
288,Deloitte India,Mahalakshmi Layout Pipeline Park 1,13.00055708,77.53420243,https://maps.app.goo.gl/Q2QBFFzyWDyJEZoj6,11,Mar-25,West Zone,,BBMP Park
289,Deloitte India,Mahalakshmi Layout Pipeline Park 2,13.0002245,77.53288607,https://maps.app.goo.gl/d3xuJ9hLHAmbxbMF6,6,Mar-25,West Zone,,BBMP Park
290,Deloitte India,Siddharuda Park Mahalakshmi Layout,12.99924014,77.52868811,https://maps.app.goo.gl/pxCmAze2RFRZ32q66,12,Mar-25,West Zone,,BBMP Park
291,Deloitte India,Mahalakshmi Layout Bhovi palya Park 1,13.00774608,77.54461998,https://maps.app.goo.gl/Ko4i4Ezviw2b1BXq9,4,Mar-25,West Zone,,BBMP Park
292,Deloitte India,Mahalakshmi layout Bhovi palya Park 2,13.00696179,77.54502973,https://maps.app.goo.gl/JABEhnsJwkkodFEUA,4,Mar-25,West Zone,,BBMP Park
293,Deloitte India,Usha Park,13.00703025,77.54389435,"https://www.google.com/maps/place/Usha+Park/@13.0070116,77.5433124,193m/data=!3m1!1e3!4m6!3m5!1s0x3bae3d9e62121ff1:0xddd1d80f6d2156c5!8m2!3d13.0069853!4d77.543883!16s%2Fg%2F11cn32wsfg?entry=ttu&g_ep=EgoyMDI1MDkwMy4wIKXMDSoASAFQAw%3D%3D",4,Mar-25,West Zone,,BBMP Park
294,NTT Data,Epidemic Hospital,12.98600507,77.64426271,https://maps.app.goo.gl/dutZrrgh7ateZnrh6,26,Mar-25,East Zone,,Others
295,NTT Data,BDA Park,12.97939696,77.63589305,https://maps.app.goo.gl/hUz8mQsJpmjKUfnq9,6,Mar-25,East Zone,,BBMP Park
296,NTT Data,ABCD Park,12.97915357,77.63338873,https://maps.app.goo.gl/xCyxktup9NSeLRMS7,15,Mar-25,East Zone,,BBMP Park
297,NTT Data,Joggers Park,12.97972354,77.63365915,https://maps.app.goo.gl/NSPC6TeS6ekBErSL6,18,Mar-25,East Zone,,BBMP Park
298,NTT Data,Paramahamsa Yogananda Park,12.96675497,77.6372333,https://maps.app.goo.gl/nWcpyhwg7miqpJnS8,5,Mar-25,East Zone,,BBMP Park
299,Morgan Stanley,HMT Children park,13.03335702,77.49988538,https://maps.app.goo.gl/gsnDS2dQpywaMFu97,15,Mar-25,Dasarahalli,,BBMP Park
300,Morgan Stanley,Geleyara Balaga - play ground,13.07006773,77.50912287,https://maps.app.goo.gl/ThCFnXQrHbafSd1AA,11,Mar-25,Dasarahalli,,BBMP Park
301,Morgan Stanley,Pipe Line park,13.05997611,77.50763255,https://maps.app.goo.gl/sNXqVbV57RQ7y3e56,5,Mar-25,Dasarahalli,,BBMP Park
302,Morgan Stanley,Chokkasandra Park,13.04116069,77.51455628,https://maps.app.goo.gl/3aAS2nS43vq4gWR99,14,Mar-25,Dasarahalli,,BBMP Park
303,Morgan Stanley,Nela Maheshwari Park,13.04913053,77.51089106,https://maps.app.goo.gl/9JFCb9YuLgUmo7Bv9,5,Mar-25,Dasarahalli,,BBMP Park
304,Morgan Stanley,Governement School T.Dasarahalli,13.04528338,77.51907601,https://maps.app.goo.gl/XYhLTLt8iLj2ngXq8,10,Mar-25,Dasarahalli,,Schools and Colleges
305,Morgan Stanley,Horticulture Park near GKVK,13.09289464,77.56017887,https://maps.app.goo.gl/tsLegog7do9yJBvJ9,16,Mar-25,Yelahanka,,BBMP Park
306,Morgan Stanley,Mini Forest Park,13.09566214,77.58616255,https://maps.app.goo.gl/JPsqAC4RCXPegb1a8,26,Mar-25,Yelahanka,,BBMP Park
307,Morgan Stanley,RTO Office Park,13.09921763,77.58268316,https://maps.app.goo.gl/a9jr1B1Yipyww2Jq6,5,Mar-25,Yelahanka,,BBMP Park
308,Informatica,J k krishna Murthy Park,13.04657043,77.54225953,https://maps.app.goo.gl/hXiCQi6K8qnUU5CK9,9,Mar-25,RR Nagar Zone,,BBMP Park
309,Informatica,Nadaprabhu Kempegowdara Sose Lakshmidevi Park,13.0293607,77.52381558,https://maps.app.goo.gl/ohHsiZVNzqos3Agi8,6,Mar-25,RR Nagar Zone,,BBMP Park
310,Informatica,Ex.Chairman A Muniswamappa Park,13.02909976,77.53524766,https://maps.app.goo.gl/2JmfBt6tTBkyx5g36,7,Mar-25,RR Nagar Zone,,BBMP Park
311,Informatica,Swamy Vivekananda Park,12.92074934,77.51905981,https://maps.app.goo.gl/N9iu6jJQErfGunup9,9,Mar-25,RR Nagar Zone,,BBMP Park
312,Informatica,Unani Hospital,12.9880415,77.51327467,https://maps.app.goo.gl/tGajEtEwX3sYiFK28,30,Mar-25,RR Nagar Zone,,Others
313,Informatica,Govt Press Layout 2nd Park,12.94819061,77.49056256,https://maps.app.goo.gl/6E27ZFzyydPF3W6V7,10,Mar-25,RR Nagar Zone,,BBMP Park
314,Informatica,Jnanaganapthi temple Park,12.94683979,77.49170166,https://maps.app.goo.gl/BEC7w81dbnQb6Tdq7,8,Mar-25,RR Nagar Zone,,BBMP Park
315,Informatica,Press Layout 11th Main Park,12.94624074,77.48954346,https://maps.app.goo.gl/UpXyYevR9Y3a4JL67,0,Mar-25,RR Nagar Zone,,BBMP Park
316,Informatica,Govt Press Layout 1st Park,12.94968146,77.4905704,https://maps.app.goo.gl/EkSdHNYeR1mwP61R6,5,Mar-25,RR Nagar Zone,,BBMP Park
317,Informatica,Puneethrajkumar Udyanavana,12.94596166,77.49028539,https://maps.app.goo.gl/bLqFy7tmy6NCWuxT9,0,Mar-25,RR Nagar Zone,,BBMP Park
318,Informatica,Basaveshwara Park,12.94074345,77.49125942,https://maps.app.goo.gl/pWD5cDvJKdDCcm378,5,Mar-25,RR Nagar Zone,,BBMP Park
319,Informatica,RR Layout 1st main park,12.93999671,77.49389626,https://maps.app.goo.gl/X4WfTNxKpP1DFkSPA,3,Mar-25,RR Nagar Zone,,BBMP Park
320,Informatica,Jnanabharathi 4th Block park,12.93702802,77.48693302,https://maps.app.goo.gl/fVaZLG6pcyGh3reB8,4,Mar-25,RR Nagar Zone,,BBMP Park
321,Informatica,Annapoorneshwari Nagar Police Station,12.96524052,77.51157434,https://maps.app.goo.gl/MQFT6tnDZL2ux4XY6,5,Mar-25,RR Nagar Zone,,Police Campus
322,Informatica,Loka Seva Park,12.94537469,77.48644849,https://maps.app.goo.gl/fr4AcvtbYr22CgWi9,4,Mar-25,RR Nagar Zone,,BBMP Park
323,Informatica,Sri Chowdeshwari temle park,12.94301791,77.48661405,https://maps.app.goo.gl/4ecehWTcdnW7yAou7,2,Mar-25,RR Nagar Zone,,BBMP Park
324,Morgan Stanley,Chamundeshwari Park/ Budda Park,12.9803854,77.51367441,https://maps.app.goo.gl/v7JPJoyWD8itetoB6,5,Mar-25,RR Nagar Zone,,BBMP Park
325,Morgan Stanley,Prasanna anjaneya park,12.97756493,77.51295987,https://maps.app.goo.gl/mbVjtehbwR9jjMNe8,2,Mar-25,RR Nagar Zone,,BBMP Park
326,Morgan Stanley,Ramakrishna hegde park,12.97701215,77.51240363,https://maps.app.goo.gl/dbK2SvMHFhPywsCJ9,6,Mar-25,RR Nagar Zone,,BBMP Park
327,Morgan Stanley,Ravi Gym Park,12.9728657,77.51246783,https://maps.app.goo.gl/toJDA6kxoXp23acUA,4,Mar-25,RR Nagar Zone,,BBMP Park
328,Morgan Stanley,Srigandha Kaval Park,12.97795828,77.50381011,https://maps.app.goo.gl/2YMEVTXuKe82pwRW6,5,Mar-25,RR Nagar Zone,,BBMP Park
329,Morgan Stanley,Dara bendre park,12.96594226,77.50875637,https://maps.app.goo.gl/btUsspCM9bSn1xAZ7,4,Mar-25,RR Nagar Zone,,BBMP Park
330,Morgan Stanley,Rajarajeshwari park,12.96285785,77.51028159,https://maps.app.goo.gl/nnzsuBAUfSfnHn4U8,3,Mar-25,RR Nagar Zone,,BBMP Park
331,Morgan Stanley,Hoysala park,12.9640088,77.50914652,https://maps.app.goo.gl/D9kjoWAyj1STBzBy5,8,Mar-25,RR Nagar Zone,,BBMP Park
332,Morgan Stanley,Aryan school,12.96162808,77.50742113,https://maps.app.goo.gl/Fh48QdXx1N9PSwdT8,1,Mar-25,RR Nagar Zone,,Schools and Colleges
333,Morgan Stanley,Maruthi mandir park,12.96192312,77.51351473,https://maps.app.goo.gl/Nf8BPsjjqDtHqHDv6,4,Mar-25,RR Nagar Zone,,BBMP Park
334,Morgan Stanley,Annapoorneshwari BBMP Park,12.97980058,77.50799474,https://maps.app.goo.gl/wEC39zjzLkYKX9Ft7,6,Mar-25,RR Nagar Zone,,BBMP Park
335,Morgan Stanley,Bharathnagar Public Park,12.98154048,77.48335117,https://maps.app.goo.gl/977jKb1YNxz9JTQDA,6,Mar-25,RR Nagar Zone,,BBMP Park
336,Morgan Stanley,Bharathnagar 2nd Stage Park,12.97947909,77.47605898,https://maps.app.goo.gl/tDyhCg9PkQkRLESGA. ,6,Mar-25,RR Nagar Zone,,BBMP Park
337,Morgan Stanley,Bande maramma park,12.96600632,77.51658162,https://maps.app.goo.gl/4dQn9Xk5CcDeqZhB7,8,Mar-25,RR Nagar Zone,,BBMP Park
338,Morgan Stanley,Holedande Gandhi Udyanavana,12.9673738,77.51781172,https://maps.app.goo.gl/7KMKVnoJzBuefhX47,4,Mar-25,RR Nagar Zone,,BBMP Park
339,Morgan Stanley,Mahatma Gandhi park bda park,12.9688795,77.5145144,https://maps.app.goo.gl/QC5Q94i2ZA2UQYBZ6,5,Mar-25,RR Nagar Zone,,BBMP Park
340,Morgan Stanley,Vinayaka nursery park,12.97061224,77.50954888,https://maps.app.goo.gl/UisvmE2E49crgH3e9,8,Mar-25,RR Nagar Zone,,BBMP Park
341,Morgan Stanley,vishveshwaraiah park,12.95224309,77.47962632,https://maps.app.goo.gl/mzrT8UozqykF3RaH6,6,Mar-25,RR Nagar Zone,,BBMP Park
342,Morgan Stanley,Railway Layout Park,12.9588592,77.48579227,https://maps.app.goo.gl/niisHJnSNBBu69AU9,19,Mar-25,RR Nagar Zone,,BBMP Park
343,Morgan Stanley,Upkar layout park,12.95948517,77.48164126,https://maps.app.goo.gl/NTef5YXiBMrJZfk48,10,Mar-25,RR Nagar Zone,,BBMP Park
344,Morgan Stanley,Syndicate Bank 2nd Main Park,12.99686987,77.4862424,https://maps.app.goo.gl/YwwA7vqUyiEGxGom6,12,Mar-25,RR Nagar Zone,,BBMP Park
345,Morgan Stanley,Abhaya Ganapathi Temple Park,12.99641386,77.48802961,https://maps.app.goo.gl/Z38Bipz5fMX3xmuq5,15,Mar-25,RR Nagar Zone,,BBMP Park
346,Morgan Stanley,Bharatha Ratna Sir M Vishveshwaraiah Park,12.99475315,77.48785948,https://maps.app.goo.gl/urGbxNC8prQCZDkG8,18,Mar-25,RR Nagar Zone,,BBMP Park
347,Morgan Stanley,Tunganagara Cricket Gorund & Park,12.99527561,77.48584665,https://maps.app.goo.gl/tHCWKE2d3oUykKWu8,15,Mar-25,RR Nagar Zone,,BBMP Park
348,Morgan Stanley,BCMC Layout Park,12.88059816,77.5489934,https://maps.app.goo.gl/2z9GrRMBrLKBikhu7,11,Mar-25,RR Nagar Zone,,BBMP Park
349,Morgan Stanley,BCMC Layout Park 2,12.87660393,77.54952431,https://maps.app.goo.gl/qRctQ9BWt4Ph448o6,7,Mar-25,RR Nagar Zone,,BBMP Park
350,Morgan Stanley,BCMC Layout Park 3,12.8757448,77.54856458,https://maps.app.goo.gl/KZmZmvF2zPkvPk9v7,2,Mar-25,RR Nagar Zone,,BBMP Park
351,Morgan Stanley,SHVNM Govt College ( Malleshwaram),13.00282979,77.56766673,https://maps.app.goo.gl/r7XLqi4facc3EsZy8,8,Mar-25,West Zone,,Schools and Colleges
352,Morgan Stanley,Swimming pool Extension Park,12.99922926,77.57437502,https://maps.app.goo.gl/m5RBPj1cP21ht9FF7,2,Mar-25,West Zone,,BBMP Park
353,Happiest Minds,CV Raman Hospital Indranagar,12.9827738,77.64469978,https://maps.app.goo.gl/zZKJumiUmYyyKoAx8,30,Mar-25,East Zone,,Others
354,Happiest Minds,DRDO-KV School,12.98613644,77.66408546,https://maps.app.goo.gl/rBioDRzF1h5hPMGh7,16,Mar-25,East Zone,,Defence Campus
355,Happiest Minds,DRDO-Phase-1 Quarters,12.98777289,77.66573167,https://maps.app.goo.gl/DgjuKy89hMsgcqBn9,6,Mar-25,East Zone,,Defence Campus
356,Happiest Minds,DRDO-Chalukya,12.98637998,77.67030548,https://maps.app.goo.gl/shvGd4SnKPgPmUMn8,10,Mar-25,East Zone,,Defence Campus
357,Happiest Minds,DRDO-Phase-2 Quarters,12.98613258,77.68200387,https://maps.app.goo.gl/n63EDkJSeSEV3zmD6,3,Mar-25,East Zone,,Defence Campus
358,Happiest Minds,BDA Head Office,12.99671069,77.5833498,https://maps.app.goo.gl/eai54ptW4iFsfqdLA,6,Mar-25,East Zone,,BDA Parks
359,Fortrea CDPL,Wood Park,12.9798903,77.63588543,https://maps.app.goo.gl/Ne78xdYF6obW9rwE7,24,Mar-25,East Zone,,BBMP Park
360,,BDA Park,12.9794048,77.63593597,https://maps.app.goo.gl/hUz8mQsJpmjKUfnq9,4,Mar-25,East Zone,,BBMP Park
361,Texas Instruments,Doopanahalli BDA Park,12.96873518,77.63697158,https://maps.app.goo.gl/NBxTMs8vNzE5UZJPA,9,Mar-25,East Zone,,BBMP Park
362,Texas Instruments,Double road Park,12.98087551,77.63758291,https://maps.app.goo.gl/ftof4Z7Wb6F2A3hU9,8,Mar-25,East Zone,,BBMP Park
363,Texas Instruments,DRDO Next to KV school,12.9889593,77.66521236,https://maps.app.goo.gl/xFYgH4WZDbnhqZaz6,60,Mar-25,East Zone,,Defence Campus
364,Texas Instruments,Paramahamsa Yogananda Park,12.96677357,77.63732637,https://maps.app.goo.gl/5AwKBEXMCVntJ99w9,7,Mar-25,East Zone,,BBMP Park
365,Texas Instruments,DRDO Campus (BSO R & D (East)-1,12.97783965,77.65531994,https://maps.app.goo.gl/vUB6Qf9ziyJScCCe7,4,Mar-25,East Zone,,Defence Campus
366,Texas Instruments,DRDO Campus (BSO R & D (East)-2,12.97805881,77.6551111,https://maps.app.goo.gl/BWKarzmBd6eKBs4h8,3,Mar-25,East Zone,,Defence Campus
367,Texas Instruments,Bhuvanagiri Park,13.01299153,77.66169644,https://maps.app.goo.gl/jUYhYVCaJV12sVfJA,6,Mar-25,East Zone,,BBMP Park
368,Texas Instruments,"PHC,Maratahalli",12.96299471,77.69796827,https://maps.app.goo.gl/FHAkLqwRCyfcvH517,20,Mar-25,East Zone,,Others
369,Happiest Minds,Regional Horticultural Research and,13.08942156,77.56231096,https://maps.app.goo.gl/KEzfq3tmY2rE8DKJ6,60,Mar-25,Yelahanka Zone,,Others
370,Happiest Minds,BSF Campus-CEDCO,13.12863526,77.63173627,https://maps.app.goo.gl/AREJgv2G1XA9zANx6,80,Mar-25,Yelahanka Zone,,Defence Campus
371,Happiest Minds,BSF Campus-STC,13.13080916,77.603401,https://maps.app.goo.gl/qRbhS2vtoL7SixBe8,65,Mar-25,Yelahanka Zone,,Defence Campus
372,Happiest Minds,"College of Horticulture, UHS Campus",13.09048395,77.56108027,https://maps.app.goo.gl/VngaJaXqugjnauAV6,60,Mar-25,Yelahanka Zone,,Others
373,Visa,PTS Thanisandra,13.07524004,77.62760629,https://maps.app.goo.gl/aLD4sQ5GaTQrMyFa9,8,Mar-25,Yelahanka Zone,,Police Campus
374,Broadcom,"BSF Campus, Yelahanka",13.13128142,77.60161916,"https://www.google.com/maps/place/BSF+Campus,+Yelahanka+Airforce+Base,+Bengaluru,+Karnataka/data=!4m2!3m1!1s0x3bae18ddd2f21293:0x3b40f5798aa2468?utm_source=mstt_1&entry=gps&coh=192189&g_ep=CAESCjExLjE1NS4xMDEYACDXggMqfiw5NDI0MjUwOCw5NDIyMzI5OSw5NDIxNjQxMyw5NDIxMjQ5Niw5NDIwNzM5NCw5NDIwNzUwNiw5NDIwODUwNiw5NDIxNzUyMyw5NDIxODY1Myw5NDIyOTgzOSw5NDIzOTEyNyw0NzA4NzExOCw0NzA4NDM5Myw5NDIxMzIwMEICSU4%3D",63,Mar-25,Yelahanka zone,,Defence Campus
375,Broadcom,Commissioner office,12.98480306,77.59364437,,9,Mar-25,East Zone,,Police Campus
376,Broadcom,"CMP Campus, Neelasandra",12.95223169,77.60747655,https://maps.app.goo.gl/KJqtk6VV9KjU9dPd7,191,Mar-25,East Zone,,Defence Campus
377,Broadcom,"BSF CEDOCO Campus, Yelahanka",13.12932697,77.63204926,"https://www.google.com/maps/place/13%C2%B007'44.9%22N+77%C2%B037'55.3%22E/@13.1291322,77.629457,773m/data=!3m2!1e3!4b1!4m4!3m3!8m2!3d13.1291322!4d77.6320319?hl=en&entry=ttu&g_ep=EgoyMDI0MTIwNC4wIKXMDSoASAFQAw%3D%3D",80,Mar-25,Yelahanka zone,,Defence Campus
378,Broadcom,"CAR Headquarters, chamarajepete",12.96251327,77.56449617,"https://www.google.com/maps/place/Car+Head+Quarters,+48,+Anjanappa+Gardens,+Cottonpete,+Bengaluru,+Karnataka+560053/data=!4m2!3m1!1s0x3bae15ff0f72dc0b:0x50af05bde1421b3c?utm_source=mstt_1&entry=gps&coh=192189&g_ep=CAESCjExLjE1NS4xMDEYACDXggMqfiw5NDI0MjUwOCw5NDIyMzI5OSw5NDIxNjQxMyw5NDIxMjQ5Niw5NDIwNzM5NCw5NDIwNzUwNiw5NDIwODUwNiw5NDIxNzUyMyw5NDIxODY1Myw5NDIyOTgzOSw5NDIzOTEyNyw0NzA4NzExOCw0NzA4NDM5Myw5NDIxMzIwMEICSU4%3D",118,Mar-25,west zone,,Police Campus
379,Broadcom,BWSSB Nayadahalli,12.93635348,77.52130346,,2,Mar-25,RR Nagar,,BWSSB Dept
380,Broadcom,DRDO Campus Phase 2,12.98677402,77.68190916,"https://www.google.com/maps/place/DRDO+Phase+2+Twp,+Chinappa+Layout,+Kaggadasapura,+Bengaluru,+Karnataka,+India/@12.9875896,77.6748163,1546m/data=!3m2!1e3!4b1!4m6!3m5!1s0x3bae1169f697b29d:0xde81c92f2f8b6290!8m2!3d12.9868704!4d77.6808128!16s%2Fg%2F12hk_9x5q?hl=en-US&entry=ttu&g_ep=EgoyMDI0MTIwMS4xIKXMDSoASAFQAw%3D%3D",61,Mar-25,East Zone,,Defence Campus
381,Broadcom,Horticuture university,12.96250281,77.56400264,"https://www.google.com/maps/place/Car+Head+Quarters,+48,+Anjanappa+Gardens,+Cottonpete,+Bengaluru,+Karnataka+560053/data=!4m2!3m1!1s0x3bae15ff0f72dc0b:0x50af05bde1421b3c?utm_source=mstt_1&entry=gps&coh=192189&g_ep=CAESCjExLjE1NS4xMDEYACDXggMqfiw5NDI0MjUwOCw5NDIyMzI5OSw5NDIxNjQxMyw5NDIxMjQ5Niw5NDIwNzM5NCw5NDIwNzUwNiw5NDIwODUwNiw5NDIxNzUyMyw5NDIxODY1Myw5NDIyOTgzOSw5NDIzOTEyNyw0NzA4NzExOCw0NzA4NDM5Myw5NDIxMzIwMEICSU4%3D",128,Mar-25,Yelahanka zone,,Others
382,Broadcom,Child and women devolpment,13.10256609,77.58475723,https://maps.app.goo.gl/Zf3LSMvQugS6EGZa6,15,Mar-25,Yelahanka zone,,Others
383,Broadcom,Sri Yogi Vemanna Park,13.09856646,77.57193684,https://maps.app.goo.gl/beNJU3qdsrP41ke16,3,Mar-25,Yelahanka zone,,BBMP Park
384,Broadcom,Eshawara Park 1,13.10790329,77.57372658,https://maps.app.goo.gl/mXsRgK8evhfd681T9,4,Mar-25,Yelahanka zone,,BBMP Park
385,Broadcom,Eshawara Park 2,13.10790329,77.57372658,https://maps.app.goo.gl/mXsRgK8evhfd681T9,4,Mar-25,Yelahanka zone,,BBMP Park
386,Broadcom,Bendre Park,13.09671864,77.57768051,https://maps.app.goo.gl/yiVzMNDwLF8WPxDu9,2,Mar-25,Yelahanka zone,,BBMP Park
387,Broadcom,Savitha Park,13.09629169,77.57693915,https://maps.app.goo.gl/GHPswRgLLTS1LT2t8,6,Mar-25,Yelahanka zone,,BBMP Park
388,Broadcom,GKVK near BBMP Park,13.09433851,77.56136856,https://maps.app.goo.gl/g1Nn3uC4Gu3YJFxd9,7,Mar-25,Yelahanka zone,,BBMP Park
389,Broadcom,Science & Technology Academy campus,13.09264899,77.56017152,https://maps.app.goo.gl/NpUCDhyrTAFzP58M6,21,Mar-25,Yelahanka zone,,Others
390,Broadcom,Byrasandra Park,12.93362548,77.58918182,https://maps.app.goo.gl/95pwGDnXjChf3mcG8,4,Mar-25,south zone,,BBMP Park
391,Broadcom,Sai Bab Temple Park,12.91855334,77.60194325,https://maps.app.goo.gl/LjK7EsANB2zv2iieA,2,Mar-25,south zone,,BBMP Park
392,Broadcom,NIMHANS Badavane park,12.91931267,77.60339251,https://maps.app.goo.gl/MRpgqbnoqtVu22EC9,2,Mar-25,south zone,,BBMP Park
393,Broadcom,Thungabadra Park,12.92329218,77.5803889,https://maps.app.goo.gl/YfLqzeBXCkcpippXA,8,Mar-25,south zone,,BBMP Park
394,Broadcom,NALRA Park,12.92583655,77.59896352,https://maps.app.goo.gl/qRg2BP9D1oaQJtNXA,4,Mar-25,south zone,,BBMP Park
395,Broadcom,NAL Layout,12.92458311,77.59874227,https://maps.app.goo.gl/HcuGmF64g2Dv8yAg9,4,Mar-25,south zone,,BBMP Park
396,Broadcom,SHVNM Govt school,13.00291921,77.5676353,https://maps.app.goo.gl/r7XLqi4facc3EsZy8,18,Mar-25,west zone,,Schools and Colleges
397,Broadcom,SHVNM Govt College,13.00291921,77.5676353,https://maps.app.goo.gl/r7XLqi4facc3EsZy8,15,Mar-25,west zone,,Schools and Colleges
398,Wells Fargo,"ASC North Campus Ejipura,",12.94447247,77.63642173,https://maps.app.goo.gl/Gdx5CBo9Cd6LesyTA,311,Mar-25,East Zone,,Defence Campus
399,Alstom Foundation,DRDO Campus,12.98774483,77.66152952,https://maps.app.goo.gl/xVv42UE6ZurtLs186,157,Mar-25,East Zone,,Defence Campus
400,Continental,"Farmers Producers Agriculture Institute, Yelahanka",13.0892813,77.56005006,https://maps.app.goo.gl/ZBLPo6jC13KgsZhZ8,17,Mar-25,Yelahanka zone,,Others
401,Continental,Cubbon park,12.97810683,77.59598102,https://maps.app.goo.gl/QNAJButRcKzY5K77A,50,Mar-25,Eest zone,,Horticulture Parks
402,Continental,Horticuture university,13.0934098,77.56622047,https://maps.app.goo.gl/qGdKjDcTERxKFkSS9,15,Mar-25,Yelahanka zone,,Others
403,Fidelity,Kanakadasa park,,,https://maps.app.goo.gl/Rt3tcR3hD8pNc7JQ8,17,Mar-25,East zone,,BBMP Park
404,Fidelity,Shankar park,,,https://maps.app.goo.gl/aTb9wkgN4vwxwCSYA,5,Mar-25,East zone,,BBMP Park
405,Fidelity,DRDO Campus,12.98774483,77.66152952,https://maps.app.goo.gl/xVv42UE6ZurtLs186,59,Mar-25,East zone,,Defence Campus
406,Fidelity,Sadanandhanagar Park,,,https://maps.app.goo.gl/PWZwNdBgeRZhRCFn,6,Mar-25,East zone,,BBMP Park
407,Fidelity,Kasturi nagar Park,,,https://maps.app.goo.gl/aWoWxfM364AG3CVY6,9,Mar-25,East zone,,BBMP Park
408,Fidelity,Traingle park 1,13.00097212,77.6614107,https://maps.app.goo.gl/mSaPXCF2Jq7A463Q9,2,Mar-25,East zone,,BBMP Park
409,Fidelity,Traingle park 2,13.00190491,77.66092831,https://maps.app.goo.gl/5LLjp33Vc7FGhJxe6,1,Mar-25,East zone,,BBMP Park
410,Fidelity,Shivaram karandh park,13.00326412,77.66155014,https://maps.app.goo.gl/tKm8iX56FGb3cA31A,9,Mar-25,East zone,,BBMP Park
411,Fidelity,Narayana Olympiad School park,13.00773563,77.66191284,https://maps.app.goo.gl/Tv69zewA9ZF3rDdx8,2,Mar-25,East zone,,BBMP Park
412,Fidelity,Green view park,13.00848654,77.65821147,https://maps.app.goo.gl/Vjj6QfyvTsLxhBuY7,4,Mar-25,East zone,,BBMP Park
413,Fidelity,Rajkumar Park,13.01619737,77.64072656,https://maps.app.goo.gl/6oZExun6f8QCvmhv6,12,Mar-25,East zone,,BBMP Park
414,Fidelity,Buvanagitri Park,13.01190799,77.65894973,https://maps.app.goo.gl/37ZGAuXmLuirnuK39,3,Mar-25,East zone,,BBMP Park
415,Fidelity,KSRP 9th battalion,12.88741521,77.66905034,https://maps.app.goo.gl/dYn1Dq3M286qsyNs7,6,Mar-25,Bommanahalli Zone,,Police Campus
416,SUS,"PHC,Maratahalli",12.96317768,77.69802191,https://maps.app.goo.gl/KDAnbqqkHaRtCFhK6,2,Mar-25,Mahadevapura Zone,,Others
417,Caterpiller,BSF Campus,13.13150676,77.60201455,https://maps.app.goo.gl/yyeokgJ8tEQLzA32A,50,Mar-25,Yelahanka,,Defence Campus
418,Caterpiller,CMP Campus,12.95238853,77.60742291,https://maps.app.goo.gl/KJqtk6VV9KjU9dPd7,100,Mar-25,East zone,,Defence Campus
419,Caterpiller,Horticuture university,13.09628132,77.57693628,https://maps.app.goo.gl/GHPswRgLLTS1LT2t8,42,Mar-25,Yelahanka,,Others
420,Caterpiller,"Airforce HQ,Mekhri circle",13.01593513,77.58400314,https://maps.app.goo.gl/rKbhUPjiap2Z6HKdA,68,Mar-25,West Zone,,Defence Campus
421,Caterpiller,Swimming pool Extension Park,12.99922926,77.57437502,"https://www.google.com/maps/place/12%C2%B059'57.2%22N+77%C2%B034'27.8%22E/@12.9992622,77.5740428,137m/data=!3m1!1e3!4m4!3m3!8m2!3d12.9992293!4d77.574375?entry=ttu&g_ep=EgoyMDI1MDkwMy4wIKXMDSoASAFQAw%3D%3D",8,Mar-25,South zone,,BBMP Park
422,BEF/Limnotech,KSRP 9th Battalion,12.88730016,77.66905034,https://maps.app.goo.gl/54K9h2ZW4MrzDxJ2A,40,Mar-25,Bommanahalli Zone,,Police Campus
423,Software AG,"Airforce HQ,Mekhri circle",13.01593513,77.58400314,https://maps.app.goo.gl/rKbhUPjiap2Z6HKdA,32,Mar-25,West Zone,,Defence Campus
424,Mediatek,ASC Campus,,,https://maps.app.goo.gl/Gdx5CBo9Cd6LesyTA,52,Mar-25,East zone,,Defence Campus
